<?xml version="1.0" encoding="UTF-8"?>
<manifest xmlns="http://www.imsglobal.org/xsd/imscp_v1p1" xmlns:imsmd="http://www.imsglobal.org/xsd/imsmd_v1p2" xmlns:imsqti="http://www.imsglobal.org/xsd/imsqti_item_v2p0" xmlns:xsi="http://www.w3.org/2001/XMLSchema-instance" identifier="question_category_50---http-__swent0.asu.edu_moodle" xsi:schemaLocation="http://www.imsglobal.org/xsd/imscp_v1p1 imscp_v1p1.xsd   http://www.imsglobal.org/xsd/imsmd_v1p2 imsmd_v1p2p2.xsd  http://www.imsglobal.org/xsd/imsqti_item_v2p0 ./imsqti_item_v2p0.xsd">
	<metadata>
		<schema>ADL SCORM</schema>
		<schemaversion>1.2</schemaversion>
		<lom xmlns="http://www.imsglobal.org/xsd/imsmd_v1p2" 
     			xmlns:xsi="http://www.w3.org/2001/XMLSchema-instance" 
     			xsi:schemaLocation="http://www.imsglobal.org/xsd/imsmd_v1p2 imsmd_v1p2p2.xsd">
     		<general>
				<title><langstring xml:lang="en_utf8">question_category_50</langstring></title>
				<description><langstring xml:lang="en_utf8">All questions in category 50</langstring></description>
				<keyword><langstring xml:lang="en_utf8"></langstring></keyword>
			</general>
		</lom>
   			</metadata>
	<organizations/>
	<resources>
    			<resource identifier="category50-question294" type="imsqti_item_xmlv2p0" href="./category50-question294.xml">
			<metadata>
				<schema>IMS QTI Item</schema>
				<schemaversion>2.0</schemaversion>
				<imsmd:lom>
					<imsmd:general>
						<imsmd:identifier>category50-question294</imsmd:identifier>
						<imsmd:title>
							<imsmd:langstring xml:lang="en_utf8">EGRDesProc2</imsmd:langstring>
						</imsmd:title>
						<imsmd:description>
							<imsmd:langstring xml:lang="en">Question 294 from category 50</imsmd:langstring>
						</imsmd:description>
					</imsmd:general>
					<imsmd:lifecycle>
						<imsmd:version>
							<imsmd:langstring xml:lang="en">1.0</imsmd:langstring>
						</imsmd:version>
						<imsmd:status>
							<imsmd:source>
								<imsmd:langstring xml:lang="en">LOMv1.0</imsmd:langstring>
							</imsmd:source>
							<imsmd:value>
								<imsmd:langstring xml:lang="en">Draft</imsmd:langstring>
							</imsmd:value>
						</imsmd:status>
					</imsmd:lifecycle>
				</imsmd:lom>
				<imsqti:qtiMetadata>
					<imsqti:timeDependent>false</imsqti:timeDependent>
					<imsqti:interactionType>matchInteraction</imsqti:interactionType>
					<imsqti:canComputerScore>true</imsqti:canComputerScore>
					<imsqti:feedbackType>nonadaptive</imsqti:feedbackType>
					<imsqti:solutionAvailable>true</imsqti:solutionAvailable>
				</imsqti:qtiMetadata>
			</metadata>
						
		</resource>
				<resource identifier="category50-question295" type="imsqti_item_xmlv2p0" href="./category50-question295.xml">
			<metadata>
				<schema>IMS QTI Item</schema>
				<schemaversion>2.0</schemaversion>
				<imsmd:lom>
					<imsmd:general>
						<imsmd:identifier>category50-question295</imsmd:identifier>
						<imsmd:title>
							<imsmd:langstring xml:lang="en_utf8">EGRDesProc3</imsmd:langstring>
						</imsmd:title>
						<imsmd:description>
							<imsmd:langstring xml:lang="en">Question 295 from category 50</imsmd:langstring>
						</imsmd:description>
					</imsmd:general>
					<imsmd:lifecycle>
						<imsmd:version>
							<imsmd:langstring xml:lang="en">1.0</imsmd:langstring>
						</imsmd:version>
						<imsmd:status>
							<imsmd:source>
								<imsmd:langstring xml:lang="en">LOMv1.0</imsmd:langstring>
							</imsmd:source>
							<imsmd:value>
								<imsmd:langstring xml:lang="en">Draft</imsmd:langstring>
							</imsmd:value>
						</imsmd:status>
					</imsmd:lifecycle>
				</imsmd:lom>
				<imsqti:qtiMetadata>
					<imsqti:timeDependent>false</imsqti:timeDependent>
					<imsqti:interactionType>matchInteraction</imsqti:interactionType>
					<imsqti:canComputerScore>true</imsqti:canComputerScore>
					<imsqti:feedbackType>nonadaptive</imsqti:feedbackType>
					<imsqti:solutionAvailable>true</imsqti:solutionAvailable>
				</imsqti:qtiMetadata>
			</metadata>
						
		</resource>
				<resource identifier="category50-question301" type="imsqti_item_xmlv2p0" href="./category50-question301.xml">
			<metadata>
				<schema>IMS QTI Item</schema>
				<schemaversion>2.0</schemaversion>
				<imsmd:lom>
					<imsmd:general>
						<imsmd:identifier>category50-question301</imsmd:identifier>
						<imsmd:title>
							<imsmd:langstring xml:lang="en_utf8">IntDes2Principles</imsmd:langstring>
						</imsmd:title>
						<imsmd:description>
							<imsmd:langstring xml:lang="en">Question 301 from category 50</imsmd:langstring>
						</imsmd:description>
					</imsmd:general>
					<imsmd:lifecycle>
						<imsmd:version>
							<imsmd:langstring xml:lang="en">1.0</imsmd:langstring>
						</imsmd:version>
						<imsmd:status>
							<imsmd:source>
								<imsmd:langstring xml:lang="en">LOMv1.0</imsmd:langstring>
							</imsmd:source>
							<imsmd:value>
								<imsmd:langstring xml:lang="en">Draft</imsmd:langstring>
							</imsmd:value>
						</imsmd:status>
					</imsmd:lifecycle>
				</imsmd:lom>
				<imsqti:qtiMetadata>
					<imsqti:timeDependent>false</imsqti:timeDependent>
					<imsqti:interactionType>matchInteraction</imsqti:interactionType>
					<imsqti:canComputerScore>true</imsqti:canComputerScore>
					<imsqti:feedbackType>nonadaptive</imsqti:feedbackType>
					<imsqti:solutionAvailable>true</imsqti:solutionAvailable>
				</imsqti:qtiMetadata>
			</metadata>
						
		</resource>
				<resource identifier="category50-question305" type="imsqti_item_xmlv2p0" href="./category50-question305.xml">
			<metadata>
				<schema>IMS QTI Item</schema>
				<schemaversion>2.0</schemaversion>
				<imsmd:lom>
					<imsmd:general>
						<imsmd:identifier>category50-question305</imsmd:identifier>
						<imsmd:title>
							<imsmd:langstring xml:lang="en_utf8">IntDes4Styles</imsmd:langstring>
						</imsmd:title>
						<imsmd:description>
							<imsmd:langstring xml:lang="en">Question 305 from category 50</imsmd:langstring>
						</imsmd:description>
					</imsmd:general>
					<imsmd:lifecycle>
						<imsmd:version>
							<imsmd:langstring xml:lang="en">1.0</imsmd:langstring>
						</imsmd:version>
						<imsmd:status>
							<imsmd:source>
								<imsmd:langstring xml:lang="en">LOMv1.0</imsmd:langstring>
							</imsmd:source>
							<imsmd:value>
								<imsmd:langstring xml:lang="en">Draft</imsmd:langstring>
							</imsmd:value>
						</imsmd:status>
					</imsmd:lifecycle>
				</imsmd:lom>
				<imsqti:qtiMetadata>
					<imsqti:timeDependent>false</imsqti:timeDependent>
					<imsqti:interactionType>matchInteraction</imsqti:interactionType>
					<imsqti:canComputerScore>true</imsqti:canComputerScore>
					<imsqti:feedbackType>nonadaptive</imsqti:feedbackType>
					<imsqti:solutionAvailable>true</imsqti:solutionAvailable>
				</imsqti:qtiMetadata>
			</metadata>
						
		</resource>
				<resource identifier="category50-question296" type="imsqti_item_xmlv2p0" href="./category50-question296.xml">
			<metadata>
				<schema>IMS QTI Item</schema>
				<schemaversion>2.0</schemaversion>
				<imsmd:lom>
					<imsmd:general>
						<imsmd:identifier>category50-question296</imsmd:identifier>
						<imsmd:title>
							<imsmd:langstring xml:lang="en_utf8">EGRDesProc4</imsmd:langstring>
						</imsmd:title>
						<imsmd:description>
							<imsmd:langstring xml:lang="en">Question 296 from category 50</imsmd:langstring>
						</imsmd:description>
					</imsmd:general>
					<imsmd:lifecycle>
						<imsmd:version>
							<imsmd:langstring xml:lang="en">1.0</imsmd:langstring>
						</imsmd:version>
						<imsmd:status>
							<imsmd:source>
								<imsmd:langstring xml:lang="en">LOMv1.0</imsmd:langstring>
							</imsmd:source>
							<imsmd:value>
								<imsmd:langstring xml:lang="en">Draft</imsmd:langstring>
							</imsmd:value>
						</imsmd:status>
					</imsmd:lifecycle>
				</imsmd:lom>
				<imsqti:qtiMetadata>
					<imsqti:timeDependent>false</imsqti:timeDependent>
					<imsqti:interactionType>textInteraction</imsqti:interactionType>
					<imsqti:canComputerScore>true</imsqti:canComputerScore>
					<imsqti:feedbackType>nonadaptive</imsqti:feedbackType>
					<imsqti:solutionAvailable>true</imsqti:solutionAvailable>
				</imsqti:qtiMetadata>
			</metadata>
						
		</resource>
				<resource identifier="category50-question302" type="imsqti_item_xmlv2p0" href="./category50-question302.xml">
			<metadata>
				<schema>IMS QTI Item</schema>
				<schemaversion>2.0</schemaversion>
				<imsmd:lom>
					<imsmd:general>
						<imsmd:identifier>category50-question302</imsmd:identifier>
						<imsmd:title>
							<imsmd:langstring xml:lang="en_utf8">IntDes3Coherent</imsmd:langstring>
						</imsmd:title>
						<imsmd:description>
							<imsmd:langstring xml:lang="en">Question 302 from category 50</imsmd:langstring>
						</imsmd:description>
					</imsmd:general>
					<imsmd:lifecycle>
						<imsmd:version>
							<imsmd:langstring xml:lang="en">1.0</imsmd:langstring>
						</imsmd:version>
						<imsmd:status>
							<imsmd:source>
								<imsmd:langstring xml:lang="en">LOMv1.0</imsmd:langstring>
							</imsmd:source>
							<imsmd:value>
								<imsmd:langstring xml:lang="en">Draft</imsmd:langstring>
							</imsmd:value>
						</imsmd:status>
					</imsmd:lifecycle>
				</imsmd:lom>
				<imsqti:qtiMetadata>
					<imsqti:timeDependent>false</imsqti:timeDependent>
					<imsqti:interactionType>textInteraction</imsqti:interactionType>
					<imsqti:canComputerScore>true</imsqti:canComputerScore>
					<imsqti:feedbackType>nonadaptive</imsqti:feedbackType>
					<imsqti:solutionAvailable>true</imsqti:solutionAvailable>
				</imsqti:qtiMetadata>
			</metadata>
						
		</resource>
				<resource identifier="category50-question307" type="imsqti_item_xmlv2p0" href="./category50-question307.xml">
			<metadata>
				<schema>IMS QTI Item</schema>
				<schemaversion>2.0</schemaversion>
				<imsmd:lom>
					<imsmd:general>
						<imsmd:identifier>category50-question307</imsmd:identifier>
						<imsmd:title>
							<imsmd:langstring xml:lang="en_utf8">InteractionDesign1</imsmd:langstring>
						</imsmd:title>
						<imsmd:description>
							<imsmd:langstring xml:lang="en">Question 307 from category 50</imsmd:langstring>
						</imsmd:description>
					</imsmd:general>
					<imsmd:lifecycle>
						<imsmd:version>
							<imsmd:langstring xml:lang="en">1.0</imsmd:langstring>
						</imsmd:version>
						<imsmd:status>
							<imsmd:source>
								<imsmd:langstring xml:lang="en">LOMv1.0</imsmd:langstring>
							</imsmd:source>
							<imsmd:value>
								<imsmd:langstring xml:lang="en">Draft</imsmd:langstring>
							</imsmd:value>
						</imsmd:status>
					</imsmd:lifecycle>
				</imsmd:lom>
				<imsqti:qtiMetadata>
					<imsqti:timeDependent>false</imsqti:timeDependent>
					<imsqti:interactionType>textInteraction</imsqti:interactionType>
					<imsqti:canComputerScore>true</imsqti:canComputerScore>
					<imsqti:feedbackType>nonadaptive</imsqti:feedbackType>
					<imsqti:solutionAvailable>true</imsqti:solutionAvailable>
				</imsqti:qtiMetadata>
			</metadata>
						
		</resource>
				<resource identifier="category50-question293" type="imsqti_item_xmlv2p0" href="./category50-question293.xml">
			<metadata>
				<schema>IMS QTI Item</schema>
				<schemaversion>2.0</schemaversion>
				<imsmd:lom>
					<imsmd:general>
						<imsmd:identifier>category50-question293</imsmd:identifier>
						<imsmd:title>
							<imsmd:langstring xml:lang="en_utf8">EGRDesProc1</imsmd:langstring>
						</imsmd:title>
						<imsmd:description>
							<imsmd:langstring xml:lang="en">Question 293 from category 50</imsmd:langstring>
						</imsmd:description>
					</imsmd:general>
					<imsmd:lifecycle>
						<imsmd:version>
							<imsmd:langstring xml:lang="en">1.0</imsmd:langstring>
						</imsmd:version>
						<imsmd:status>
							<imsmd:source>
								<imsmd:langstring xml:lang="en">LOMv1.0</imsmd:langstring>
							</imsmd:source>
							<imsmd:value>
								<imsmd:langstring xml:lang="en">Draft</imsmd:langstring>
							</imsmd:value>
						</imsmd:status>
					</imsmd:lifecycle>
				</imsmd:lom>
				<imsqti:qtiMetadata>
					<imsqti:timeDependent>false</imsqti:timeDependent>
					<imsqti:interactionType>choiceInteraction</imsqti:interactionType>
					<imsqti:canComputerScore>true</imsqti:canComputerScore>
					<imsqti:feedbackType>nonadaptive</imsqti:feedbackType>
					<imsqti:solutionAvailable>true</imsqti:solutionAvailable>
				</imsqti:qtiMetadata>
			</metadata>
						
		</resource>
				<resource identifier="category50-question299" type="imsqti_item_xmlv2p0" href="./category50-question299.xml">
			<metadata>
				<schema>IMS QTI Item</schema>
				<schemaversion>2.0</schemaversion>
				<imsmd:lom>
					<imsmd:general>
						<imsmd:identifier>category50-question299</imsmd:identifier>
						<imsmd:title>
							<imsmd:langstring xml:lang="en_utf8">EGRDesProc5</imsmd:langstring>
						</imsmd:title>
						<imsmd:description>
							<imsmd:langstring xml:lang="en">Question 299 from category 50</imsmd:langstring>
						</imsmd:description>
					</imsmd:general>
					<imsmd:lifecycle>
						<imsmd:version>
							<imsmd:langstring xml:lang="en">1.0</imsmd:langstring>
						</imsmd:version>
						<imsmd:status>
							<imsmd:source>
								<imsmd:langstring xml:lang="en">LOMv1.0</imsmd:langstring>
							</imsmd:source>
							<imsmd:value>
								<imsmd:langstring xml:lang="en">Draft</imsmd:langstring>
							</imsmd:value>
						</imsmd:status>
					</imsmd:lifecycle>
				</imsmd:lom>
				<imsqti:qtiMetadata>
					<imsqti:timeDependent>false</imsqti:timeDependent>
					<imsqti:interactionType>choiceInteraction</imsqti:interactionType>
					<imsqti:canComputerScore>true</imsqti:canComputerScore>
					<imsqti:feedbackType>nonadaptive</imsqti:feedbackType>
					<imsqti:solutionAvailable>true</imsqti:solutionAvailable>
				</imsqti:qtiMetadata>
			</metadata>
						
		</resource>
				<resource identifier="category50-question300" type="imsqti_item_xmlv2p0" href="./category50-question300.xml">
			<metadata>
				<schema>IMS QTI Item</schema>
				<schemaversion>2.0</schemaversion>
				<imsmd:lom>
					<imsmd:general>
						<imsmd:identifier>category50-question300</imsmd:identifier>
						<imsmd:title>
							<imsmd:langstring xml:lang="en_utf8">IntDes1HumanIssues</imsmd:langstring>
						</imsmd:title>
						<imsmd:description>
							<imsmd:langstring xml:lang="en">Question 300 from category 50</imsmd:langstring>
						</imsmd:description>
					</imsmd:general>
					<imsmd:lifecycle>
						<imsmd:version>
							<imsmd:langstring xml:lang="en">1.0</imsmd:langstring>
						</imsmd:version>
						<imsmd:status>
							<imsmd:source>
								<imsmd:langstring xml:lang="en">LOMv1.0</imsmd:langstring>
							</imsmd:source>
							<imsmd:value>
								<imsmd:langstring xml:lang="en">Draft</imsmd:langstring>
							</imsmd:value>
						</imsmd:status>
					</imsmd:lifecycle>
				</imsmd:lom>
				<imsqti:qtiMetadata>
					<imsqti:timeDependent>false</imsqti:timeDependent>
					<imsqti:interactionType>choiceInteraction</imsqti:interactionType>
					<imsqti:canComputerScore>true</imsqti:canComputerScore>
					<imsqti:feedbackType>nonadaptive</imsqti:feedbackType>
					<imsqti:solutionAvailable>true</imsqti:solutionAvailable>
				</imsqti:qtiMetadata>
			</metadata>
						
		</resource>
				<resource identifier="category50-question303" type="imsqti_item_xmlv2p0" href="./category50-question303.xml">
			<metadata>
				<schema>IMS QTI Item</schema>
				<schemaversion>2.0</schemaversion>
				<imsmd:lom>
					<imsmd:general>
						<imsmd:identifier>category50-question303</imsmd:identifier>
						<imsmd:title>
							<imsmd:langstring xml:lang="en_utf8">IntDes3Coherent</imsmd:langstring>
						</imsmd:title>
						<imsmd:description>
							<imsmd:langstring xml:lang="en">Question 303 from category 50</imsmd:langstring>
						</imsmd:description>
					</imsmd:general>
					<imsmd:lifecycle>
						<imsmd:version>
							<imsmd:langstring xml:lang="en">1.0</imsmd:langstring>
						</imsmd:version>
						<imsmd:status>
							<imsmd:source>
								<imsmd:langstring xml:lang="en">LOMv1.0</imsmd:langstring>
							</imsmd:source>
							<imsmd:value>
								<imsmd:langstring xml:lang="en">Draft</imsmd:langstring>
							</imsmd:value>
						</imsmd:status>
					</imsmd:lifecycle>
				</imsmd:lom>
				<imsqti:qtiMetadata>
					<imsqti:timeDependent>false</imsqti:timeDependent>
					<imsqti:interactionType>choiceInteraction</imsqti:interactionType>
					<imsqti:canComputerScore>true</imsqti:canComputerScore>
					<imsqti:feedbackType>nonadaptive</imsqti:feedbackType>
					<imsqti:solutionAvailable>true</imsqti:solutionAvailable>
				</imsqti:qtiMetadata>
			</metadata>
						
		</resource>
				<resource identifier="category50-question304" type="imsqti_item_xmlv2p0" href="./category50-question304.xml">
			<metadata>
				<schema>IMS QTI Item</schema>
				<schemaversion>2.0</schemaversion>
				<imsmd:lom>
					<imsmd:general>
						<imsmd:identifier>category50-question304</imsmd:identifier>
						<imsmd:title>
							<imsmd:langstring xml:lang="en_utf8">IntDes3Coherent</imsmd:langstring>
						</imsmd:title>
						<imsmd:description>
							<imsmd:langstring xml:lang="en">Question 304 from category 50</imsmd:langstring>
						</imsmd:description>
					</imsmd:general>
					<imsmd:lifecycle>
						<imsmd:version>
							<imsmd:langstring xml:lang="en">1.0</imsmd:langstring>
						</imsmd:version>
						<imsmd:status>
							<imsmd:source>
								<imsmd:langstring xml:lang="en">LOMv1.0</imsmd:langstring>
							</imsmd:source>
							<imsmd:value>
								<imsmd:langstring xml:lang="en">Draft</imsmd:langstring>
							</imsmd:value>
						</imsmd:status>
					</imsmd:lifecycle>
				</imsmd:lom>
				<imsqti:qtiMetadata>
					<imsqti:timeDependent>false</imsqti:timeDependent>
					<imsqti:interactionType>choiceInteraction</imsqti:interactionType>
					<imsqti:canComputerScore>true</imsqti:canComputerScore>
					<imsqti:feedbackType>nonadaptive</imsqti:feedbackType>
					<imsqti:solutionAvailable>true</imsqti:solutionAvailable>
				</imsqti:qtiMetadata>
			</metadata>
						
		</resource>
				<resource identifier="category50-question308" type="imsqti_item_xmlv2p0" href="./category50-question308.xml">
			<metadata>
				<schema>IMS QTI Item</schema>
				<schemaversion>2.0</schemaversion>
				<imsmd:lom>
					<imsmd:general>
						<imsmd:identifier>category50-question308</imsmd:identifier>
						<imsmd:title>
							<imsmd:langstring xml:lang="en_utf8">InteractionDesign1</imsmd:langstring>
						</imsmd:title>
						<imsmd:description>
							<imsmd:langstring xml:lang="en">Question 308 from category 50</imsmd:langstring>
						</imsmd:description>
					</imsmd:general>
					<imsmd:lifecycle>
						<imsmd:version>
							<imsmd:langstring xml:lang="en">1.0</imsmd:langstring>
						</imsmd:version>
						<imsmd:status>
							<imsmd:source>
								<imsmd:langstring xml:lang="en">LOMv1.0</imsmd:langstring>
							</imsmd:source>
							<imsmd:value>
								<imsmd:langstring xml:lang="en">Draft</imsmd:langstring>
							</imsmd:value>
						</imsmd:status>
					</imsmd:lifecycle>
				</imsmd:lom>
				<imsqti:qtiMetadata>
					<imsqti:timeDependent>false</imsqti:timeDependent>
					<imsqti:interactionType>choiceInteraction</imsqti:interactionType>
					<imsqti:canComputerScore>true</imsqti:canComputerScore>
					<imsqti:feedbackType>nonadaptive</imsqti:feedbackType>
					<imsqti:solutionAvailable>true</imsqti:solutionAvailable>
				</imsqti:qtiMetadata>
			</metadata>
						
		</resource>
				<resource identifier="category50-question309" type="imsqti_item_xmlv2p0" href="./category50-question309.xml">
			<metadata>
				<schema>IMS QTI Item</schema>
				<schemaversion>2.0</schemaversion>
				<imsmd:lom>
					<imsmd:general>
						<imsmd:identifier>category50-question309</imsmd:identifier>
						<imsmd:title>
							<imsmd:langstring xml:lang="en_utf8">InteractionDesign1</imsmd:langstring>
						</imsmd:title>
						<imsmd:description>
							<imsmd:langstring xml:lang="en">Question 309 from category 50</imsmd:langstring>
						</imsmd:description>
					</imsmd:general>
					<imsmd:lifecycle>
						<imsmd:version>
							<imsmd:langstring xml:lang="en">1.0</imsmd:langstring>
						</imsmd:version>
						<imsmd:status>
							<imsmd:source>
								<imsmd:langstring xml:lang="en">LOMv1.0</imsmd:langstring>
							</imsmd:source>
							<imsmd:value>
								<imsmd:langstring xml:lang="en">Draft</imsmd:langstring>
							</imsmd:value>
						</imsmd:status>
					</imsmd:lifecycle>
				</imsmd:lom>
				<imsqti:qtiMetadata>
					<imsqti:timeDependent>false</imsqti:timeDependent>
					<imsqti:interactionType>choiceInteraction</imsqti:interactionType>
					<imsqti:canComputerScore>true</imsqti:canComputerScore>
					<imsqti:feedbackType>nonadaptive</imsqti:feedbackType>
					<imsqti:solutionAvailable>true</imsqti:solutionAvailable>
				</imsqti:qtiMetadata>
			</metadata>
						
		</resource>
				<resource identifier="category50-question310" type="imsqti_item_xmlv2p0" href="./category50-question310.xml">
			<metadata>
				<schema>IMS QTI Item</schema>
				<schemaversion>2.0</schemaversion>
				<imsmd:lom>
					<imsmd:general>
						<imsmd:identifier>category50-question310</imsmd:identifier>
						<imsmd:title>
							<imsmd:langstring xml:lang="en_utf8">InteractionDesign1</imsmd:langstring>
						</imsmd:title>
						<imsmd:description>
							<imsmd:langstring xml:lang="en">Question 310 from category 50</imsmd:langstring>
						</imsmd:description>
					</imsmd:general>
					<imsmd:lifecycle>
						<imsmd:version>
							<imsmd:langstring xml:lang="en">1.0</imsmd:langstring>
						</imsmd:version>
						<imsmd:status>
							<imsmd:source>
								<imsmd:langstring xml:lang="en">LOMv1.0</imsmd:langstring>
							</imsmd:source>
							<imsmd:value>
								<imsmd:langstring xml:lang="en">Draft</imsmd:langstring>
							</imsmd:value>
						</imsmd:status>
					</imsmd:lifecycle>
				</imsmd:lom>
				<imsqti:qtiMetadata>
					<imsqti:timeDependent>false</imsqti:timeDependent>
					<imsqti:interactionType>choiceInteraction</imsqti:interactionType>
					<imsqti:canComputerScore>true</imsqti:canComputerScore>
					<imsqti:feedbackType>nonadaptive</imsqti:feedbackType>
					<imsqti:solutionAvailable>true</imsqti:solutionAvailable>
				</imsqti:qtiMetadata>
			</metadata>
						
		</resource>
				<resource identifier="category50-question311" type="imsqti_item_xmlv2p0" href="./category50-question311.xml">
			<metadata>
				<schema>IMS QTI Item</schema>
				<schemaversion>2.0</schemaversion>
				<imsmd:lom>
					<imsmd:general>
						<imsmd:identifier>category50-question311</imsmd:identifier>
						<imsmd:title>
							<imsmd:langstring xml:lang="en_utf8">InteractionDesign1</imsmd:langstring>
						</imsmd:title>
						<imsmd:description>
							<imsmd:langstring xml:lang="en">Question 311 from category 50</imsmd:langstring>
						</imsmd:description>
					</imsmd:general>
					<imsmd:lifecycle>
						<imsmd:version>
							<imsmd:langstring xml:lang="en">1.0</imsmd:langstring>
						</imsmd:version>
						<imsmd:status>
							<imsmd:source>
								<imsmd:langstring xml:lang="en">LOMv1.0</imsmd:langstring>
							</imsmd:source>
							<imsmd:value>
								<imsmd:langstring xml:lang="en">Draft</imsmd:langstring>
							</imsmd:value>
						</imsmd:status>
					</imsmd:lifecycle>
				</imsmd:lom>
				<imsqti:qtiMetadata>
					<imsqti:timeDependent>false</imsqti:timeDependent>
					<imsqti:interactionType>choiceInteraction</imsqti:interactionType>
					<imsqti:canComputerScore>true</imsqti:canComputerScore>
					<imsqti:feedbackType>nonadaptive</imsqti:feedbackType>
					<imsqti:solutionAvailable>true</imsqti:solutionAvailable>
				</imsqti:qtiMetadata>
			</metadata>
						
		</resource>
				<resource identifier="category50-question312" type="imsqti_item_xmlv2p0" href="./category50-question312.xml">
			<metadata>
				<schema>IMS QTI Item</schema>
				<schemaversion>2.0</schemaversion>
				<imsmd:lom>
					<imsmd:general>
						<imsmd:identifier>category50-question312</imsmd:identifier>
						<imsmd:title>
							<imsmd:langstring xml:lang="en_utf8">InteractionDesign2</imsmd:langstring>
						</imsmd:title>
						<imsmd:description>
							<imsmd:langstring xml:lang="en">Question 312 from category 50</imsmd:langstring>
						</imsmd:description>
					</imsmd:general>
					<imsmd:lifecycle>
						<imsmd:version>
							<imsmd:langstring xml:lang="en">1.0</imsmd:langstring>
						</imsmd:version>
						<imsmd:status>
							<imsmd:source>
								<imsmd:langstring xml:lang="en">LOMv1.0</imsmd:langstring>
							</imsmd:source>
							<imsmd:value>
								<imsmd:langstring xml:lang="en">Draft</imsmd:langstring>
							</imsmd:value>
						</imsmd:status>
					</imsmd:lifecycle>
				</imsmd:lom>
				<imsqti:qtiMetadata>
					<imsqti:timeDependent>false</imsqti:timeDependent>
					<imsqti:interactionType>choiceInteraction</imsqti:interactionType>
					<imsqti:canComputerScore>true</imsqti:canComputerScore>
					<imsqti:feedbackType>nonadaptive</imsqti:feedbackType>
					<imsqti:solutionAvailable>true</imsqti:solutionAvailable>
				</imsqti:qtiMetadata>
			</metadata>
						
		</resource>
				<resource identifier="category50-question314" type="imsqti_item_xmlv2p0" href="./category50-question314.xml">
			<metadata>
				<schema>IMS QTI Item</schema>
				<schemaversion>2.0</schemaversion>
				<imsmd:lom>
					<imsmd:general>
						<imsmd:identifier>category50-question314</imsmd:identifier>
						<imsmd:title>
							<imsmd:langstring xml:lang="en_utf8">InteractionDesign4analysistechniques</imsmd:langstring>
						</imsmd:title>
						<imsmd:description>
							<imsmd:langstring xml:lang="en">Question 314 from category 50</imsmd:langstring>
						</imsmd:description>
					</imsmd:general>
					<imsmd:lifecycle>
						<imsmd:version>
							<imsmd:langstring xml:lang="en">1.0</imsmd:langstring>
						</imsmd:version>
						<imsmd:status>
							<imsmd:source>
								<imsmd:langstring xml:lang="en">LOMv1.0</imsmd:langstring>
							</imsmd:source>
							<imsmd:value>
								<imsmd:langstring xml:lang="en">Draft</imsmd:langstring>
							</imsmd:value>
						</imsmd:status>
					</imsmd:lifecycle>
				</imsmd:lom>
				<imsqti:qtiMetadata>
					<imsqti:timeDependent>false</imsqti:timeDependent>
					<imsqti:interactionType>choiceInteraction</imsqti:interactionType>
					<imsqti:canComputerScore>true</imsqti:canComputerScore>
					<imsqti:feedbackType>nonadaptive</imsqti:feedbackType>
					<imsqti:solutionAvailable>true</imsqti:solutionAvailable>
				</imsqti:qtiMetadata>
			</metadata>
						
		</resource>
				<resource identifier="category50-question316" type="imsqti_item_xmlv2p0" href="./category50-question316.xml">
			<metadata>
				<schema>IMS QTI Item</schema>
				<schemaversion>2.0</schemaversion>
				<imsmd:lom>
					<imsmd:general>
						<imsmd:identifier>category50-question316</imsmd:identifier>
						<imsmd:title>
							<imsmd:langstring xml:lang="en_utf8">InteractionDesign6Interfaceevaluation</imsmd:langstring>
						</imsmd:title>
						<imsmd:description>
							<imsmd:langstring xml:lang="en">Question 316 from category 50</imsmd:langstring>
						</imsmd:description>
					</imsmd:general>
					<imsmd:lifecycle>
						<imsmd:version>
							<imsmd:langstring xml:lang="en">1.0</imsmd:langstring>
						</imsmd:version>
						<imsmd:status>
							<imsmd:source>
								<imsmd:langstring xml:lang="en">LOMv1.0</imsmd:langstring>
							</imsmd:source>
							<imsmd:value>
								<imsmd:langstring xml:lang="en">Draft</imsmd:langstring>
							</imsmd:value>
						</imsmd:status>
					</imsmd:lifecycle>
				</imsmd:lom>
				<imsqti:qtiMetadata>
					<imsqti:timeDependent>false</imsqti:timeDependent>
					<imsqti:interactionType>choiceInteraction</imsqti:interactionType>
					<imsqti:canComputerScore>true</imsqti:canComputerScore>
					<imsqti:feedbackType>nonadaptive</imsqti:feedbackType>
					<imsqti:solutionAvailable>true</imsqti:solutionAvailable>
				</imsqti:qtiMetadata>
			</metadata>
						
		</resource>
				<resource identifier="category50-question318" type="imsqti_item_xmlv2p0" href="./category50-question318.xml">
			<metadata>
				<schema>IMS QTI Item</schema>
				<schemaversion>2.0</schemaversion>
				<imsmd:lom>
					<imsmd:general>
						<imsmd:identifier>category50-question318</imsmd:identifier>
						<imsmd:title>
							<imsmd:langstring xml:lang="en_utf8">UIDesign2</imsmd:langstring>
						</imsmd:title>
						<imsmd:description>
							<imsmd:langstring xml:lang="en">Question 318 from category 50</imsmd:langstring>
						</imsmd:description>
					</imsmd:general>
					<imsmd:lifecycle>
						<imsmd:version>
							<imsmd:langstring xml:lang="en">1.0</imsmd:langstring>
						</imsmd:version>
						<imsmd:status>
							<imsmd:source>
								<imsmd:langstring xml:lang="en">LOMv1.0</imsmd:langstring>
							</imsmd:source>
							<imsmd:value>
								<imsmd:langstring xml:lang="en">Draft</imsmd:langstring>
							</imsmd:value>
						</imsmd:status>
					</imsmd:lifecycle>
				</imsmd:lom>
				<imsqti:qtiMetadata>
					<imsqti:timeDependent>false</imsqti:timeDependent>
					<imsqti:interactionType>choiceInteraction</imsqti:interactionType>
					<imsqti:canComputerScore>true</imsqti:canComputerScore>
					<imsqti:feedbackType>nonadaptive</imsqti:feedbackType>
					<imsqti:solutionAvailable>true</imsqti:solutionAvailable>
				</imsqti:qtiMetadata>
			</metadata>
						
		</resource>
				<resource identifier="category50-question321" type="imsqti_item_xmlv2p0" href="./category50-question321.xml">
			<metadata>
				<schema>IMS QTI Item</schema>
				<schemaversion>2.0</schemaversion>
				<imsmd:lom>
					<imsmd:general>
						<imsmd:identifier>category50-question321</imsmd:identifier>
						<imsmd:title>
							<imsmd:langstring xml:lang="en_utf8">UIDesign5</imsmd:langstring>
						</imsmd:title>
						<imsmd:description>
							<imsmd:langstring xml:lang="en">Question 321 from category 50</imsmd:langstring>
						</imsmd:description>
					</imsmd:general>
					<imsmd:lifecycle>
						<imsmd:version>
							<imsmd:langstring xml:lang="en">1.0</imsmd:langstring>
						</imsmd:version>
						<imsmd:status>
							<imsmd:source>
								<imsmd:langstring xml:lang="en">LOMv1.0</imsmd:langstring>
							</imsmd:source>
							<imsmd:value>
								<imsmd:langstring xml:lang="en">Draft</imsmd:langstring>
							</imsmd:value>
						</imsmd:status>
					</imsmd:lifecycle>
				</imsmd:lom>
				<imsqti:qtiMetadata>
					<imsqti:timeDependent>false</imsqti:timeDependent>
					<imsqti:interactionType>choiceInteraction</imsqti:interactionType>
					<imsqti:canComputerScore>true</imsqti:canComputerScore>
					<imsqti:feedbackType>nonadaptive</imsqti:feedbackType>
					<imsqti:solutionAvailable>true</imsqti:solutionAvailable>
				</imsqti:qtiMetadata>
			</metadata>
						
		</resource>
				<resource identifier="category50-question322" type="imsqti_item_xmlv2p0" href="./category50-question322.xml">
			<metadata>
				<schema>IMS QTI Item</schema>
				<schemaversion>2.0</schemaversion>
				<imsmd:lom>
					<imsmd:general>
						<imsmd:identifier>category50-question322</imsmd:identifier>
						<imsmd:title>
							<imsmd:langstring xml:lang="en_utf8">UIDesign6</imsmd:langstring>
						</imsmd:title>
						<imsmd:description>
							<imsmd:langstring xml:lang="en">Question 322 from category 50</imsmd:langstring>
						</imsmd:description>
					</imsmd:general>
					<imsmd:lifecycle>
						<imsmd:version>
							<imsmd:langstring xml:lang="en">1.0</imsmd:langstring>
						</imsmd:version>
						<imsmd:status>
							<imsmd:source>
								<imsmd:langstring xml:lang="en">LOMv1.0</imsmd:langstring>
							</imsmd:source>
							<imsmd:value>
								<imsmd:langstring xml:lang="en">Draft</imsmd:langstring>
							</imsmd:value>
						</imsmd:status>
					</imsmd:lifecycle>
				</imsmd:lom>
				<imsqti:qtiMetadata>
					<imsqti:timeDependent>false</imsqti:timeDependent>
					<imsqti:interactionType>choiceInteraction</imsqti:interactionType>
					<imsqti:canComputerScore>true</imsqti:canComputerScore>
					<imsqti:feedbackType>nonadaptive</imsqti:feedbackType>
					<imsqti:solutionAvailable>true</imsqti:solutionAvailable>
				</imsqti:qtiMetadata>
			</metadata>
						
		</resource>
				<resource identifier="category50-question323" type="imsqti_item_xmlv2p0" href="./category50-question323.xml">
			<metadata>
				<schema>IMS QTI Item</schema>
				<schemaversion>2.0</schemaversion>
				<imsmd:lom>
					<imsmd:general>
						<imsmd:identifier>category50-question323</imsmd:identifier>
						<imsmd:title>
							<imsmd:langstring xml:lang="en_utf8">UIDesign7</imsmd:langstring>
						</imsmd:title>
						<imsmd:description>
							<imsmd:langstring xml:lang="en">Question 323 from category 50</imsmd:langstring>
						</imsmd:description>
					</imsmd:general>
					<imsmd:lifecycle>
						<imsmd:version>
							<imsmd:langstring xml:lang="en">1.0</imsmd:langstring>
						</imsmd:version>
						<imsmd:status>
							<imsmd:source>
								<imsmd:langstring xml:lang="en">LOMv1.0</imsmd:langstring>
							</imsmd:source>
							<imsmd:value>
								<imsmd:langstring xml:lang="en">Draft</imsmd:langstring>
							</imsmd:value>
						</imsmd:status>
					</imsmd:lifecycle>
				</imsmd:lom>
				<imsqti:qtiMetadata>
					<imsqti:timeDependent>false</imsqti:timeDependent>
					<imsqti:interactionType>choiceInteraction</imsqti:interactionType>
					<imsqti:canComputerScore>true</imsqti:canComputerScore>
					<imsqti:feedbackType>nonadaptive</imsqti:feedbackType>
					<imsqti:solutionAvailable>true</imsqti:solutionAvailable>
				</imsqti:qtiMetadata>
			</metadata>
						
		</resource>
				<resource identifier="category50-question297" type="imsqti_item_xmlv2p0" href="./category50-question297.xml">
			<metadata>
				<schema>IMS QTI Item</schema>
				<schemaversion>2.0</schemaversion>
				<imsmd:lom>
					<imsmd:general>
						<imsmd:identifier>category50-question297</imsmd:identifier>
						<imsmd:title>
							<imsmd:langstring xml:lang="en_utf8">EGRDesProc4</imsmd:langstring>
						</imsmd:title>
						<imsmd:description>
							<imsmd:langstring xml:lang="en">Question 297 from category 50</imsmd:langstring>
						</imsmd:description>
					</imsmd:general>
					<imsmd:lifecycle>
						<imsmd:version>
							<imsmd:langstring xml:lang="en">1.0</imsmd:langstring>
						</imsmd:version>
						<imsmd:status>
							<imsmd:source>
								<imsmd:langstring xml:lang="en">LOMv1.0</imsmd:langstring>
							</imsmd:source>
							<imsmd:value>
								<imsmd:langstring xml:lang="en">Draft</imsmd:langstring>
							</imsmd:value>
						</imsmd:status>
					</imsmd:lifecycle>
				</imsmd:lom>
				<imsqti:qtiMetadata>
					<imsqti:timeDependent>false</imsqti:timeDependent>
					<imsqti:interactionType>textInteraction</imsqti:interactionType>
					<imsqti:canComputerScore>true</imsqti:canComputerScore>
					<imsqti:feedbackType>nonadaptive</imsqti:feedbackType>
					<imsqti:solutionAvailable>true</imsqti:solutionAvailable>
				</imsqti:qtiMetadata>
			</metadata>
						
		</resource>
				<resource identifier="category50-question298" type="imsqti_item_xmlv2p0" href="./category50-question298.xml">
			<metadata>
				<schema>IMS QTI Item</schema>
				<schemaversion>2.0</schemaversion>
				<imsmd:lom>
					<imsmd:general>
						<imsmd:identifier>category50-question298</imsmd:identifier>
						<imsmd:title>
							<imsmd:langstring xml:lang="en_utf8">EGRDesProc4</imsmd:langstring>
						</imsmd:title>
						<imsmd:description>
							<imsmd:langstring xml:lang="en">Question 298 from category 50</imsmd:langstring>
						</imsmd:description>
					</imsmd:general>
					<imsmd:lifecycle>
						<imsmd:version>
							<imsmd:langstring xml:lang="en">1.0</imsmd:langstring>
						</imsmd:version>
						<imsmd:status>
							<imsmd:source>
								<imsmd:langstring xml:lang="en">LOMv1.0</imsmd:langstring>
							</imsmd:source>
							<imsmd:value>
								<imsmd:langstring xml:lang="en">Draft</imsmd:langstring>
							</imsmd:value>
						</imsmd:status>
					</imsmd:lifecycle>
				</imsmd:lom>
				<imsqti:qtiMetadata>
					<imsqti:timeDependent>false</imsqti:timeDependent>
					<imsqti:interactionType>textInteraction</imsqti:interactionType>
					<imsqti:canComputerScore>true</imsqti:canComputerScore>
					<imsqti:feedbackType>nonadaptive</imsqti:feedbackType>
					<imsqti:solutionAvailable>true</imsqti:solutionAvailable>
				</imsqti:qtiMetadata>
			</metadata>
						
		</resource>
				<resource identifier="category50-question306" type="imsqti_item_xmlv2p0" href="./category50-question306.xml">
			<metadata>
				<schema>IMS QTI Item</schema>
				<schemaversion>2.0</schemaversion>
				<imsmd:lom>
					<imsmd:general>
						<imsmd:identifier>category50-question306</imsmd:identifier>
						<imsmd:title>
							<imsmd:langstring xml:lang="en_utf8">IntDes5Seperate</imsmd:langstring>
						</imsmd:title>
						<imsmd:description>
							<imsmd:langstring xml:lang="en">Question 306 from category 50</imsmd:langstring>
						</imsmd:description>
					</imsmd:general>
					<imsmd:lifecycle>
						<imsmd:version>
							<imsmd:langstring xml:lang="en">1.0</imsmd:langstring>
						</imsmd:version>
						<imsmd:status>
							<imsmd:source>
								<imsmd:langstring xml:lang="en">LOMv1.0</imsmd:langstring>
							</imsmd:source>
							<imsmd:value>
								<imsmd:langstring xml:lang="en">Draft</imsmd:langstring>
							</imsmd:value>
						</imsmd:status>
					</imsmd:lifecycle>
				</imsmd:lom>
				<imsqti:qtiMetadata>
					<imsqti:timeDependent>false</imsqti:timeDependent>
					<imsqti:interactionType>choiceInteraction</imsqti:interactionType>
					<imsqti:canComputerScore>true</imsqti:canComputerScore>
					<imsqti:feedbackType>nonadaptive</imsqti:feedbackType>
					<imsqti:solutionAvailable>true</imsqti:solutionAvailable>
				</imsqti:qtiMetadata>
			</metadata>
						
		</resource>
				<resource identifier="category50-question313" type="imsqti_item_xmlv2p0" href="./category50-question313.xml">
			<metadata>
				<schema>IMS QTI Item</schema>
				<schemaversion>2.0</schemaversion>
				<imsmd:lom>
					<imsmd:general>
						<imsmd:identifier>category50-question313</imsmd:identifier>
						<imsmd:title>
							<imsmd:langstring xml:lang="en_utf8">InteractionDesign3</imsmd:langstring>
						</imsmd:title>
						<imsmd:description>
							<imsmd:langstring xml:lang="en">Question 313 from category 50</imsmd:langstring>
						</imsmd:description>
					</imsmd:general>
					<imsmd:lifecycle>
						<imsmd:version>
							<imsmd:langstring xml:lang="en">1.0</imsmd:langstring>
						</imsmd:version>
						<imsmd:status>
							<imsmd:source>
								<imsmd:langstring xml:lang="en">LOMv1.0</imsmd:langstring>
							</imsmd:source>
							<imsmd:value>
								<imsmd:langstring xml:lang="en">Draft</imsmd:langstring>
							</imsmd:value>
						</imsmd:status>
					</imsmd:lifecycle>
				</imsmd:lom>
				<imsqti:qtiMetadata>
					<imsqti:timeDependent>false</imsqti:timeDependent>
					<imsqti:interactionType>choiceInteraction</imsqti:interactionType>
					<imsqti:canComputerScore>true</imsqti:canComputerScore>
					<imsqti:feedbackType>nonadaptive</imsqti:feedbackType>
					<imsqti:solutionAvailable>true</imsqti:solutionAvailable>
				</imsqti:qtiMetadata>
			</metadata>
						
		</resource>
				<resource identifier="category50-question315" type="imsqti_item_xmlv2p0" href="./category50-question315.xml">
			<metadata>
				<schema>IMS QTI Item</schema>
				<schemaversion>2.0</schemaversion>
				<imsmd:lom>
					<imsmd:general>
						<imsmd:identifier>category50-question315</imsmd:identifier>
						<imsmd:title>
							<imsmd:langstring xml:lang="en_utf8">InteractionDesign5Prototyping</imsmd:langstring>
						</imsmd:title>
						<imsmd:description>
							<imsmd:langstring xml:lang="en">Question 315 from category 50</imsmd:langstring>
						</imsmd:description>
					</imsmd:general>
					<imsmd:lifecycle>
						<imsmd:version>
							<imsmd:langstring xml:lang="en">1.0</imsmd:langstring>
						</imsmd:version>
						<imsmd:status>
							<imsmd:source>
								<imsmd:langstring xml:lang="en">LOMv1.0</imsmd:langstring>
							</imsmd:source>
							<imsmd:value>
								<imsmd:langstring xml:lang="en">Draft</imsmd:langstring>
							</imsmd:value>
						</imsmd:status>
					</imsmd:lifecycle>
				</imsmd:lom>
				<imsqti:qtiMetadata>
					<imsqti:timeDependent>false</imsqti:timeDependent>
					<imsqti:interactionType>choiceInteraction</imsqti:interactionType>
					<imsqti:canComputerScore>true</imsqti:canComputerScore>
					<imsqti:feedbackType>nonadaptive</imsqti:feedbackType>
					<imsqti:solutionAvailable>true</imsqti:solutionAvailable>
				</imsqti:qtiMetadata>
			</metadata>
						
		</resource>
				<resource identifier="category50-question317" type="imsqti_item_xmlv2p0" href="./category50-question317.xml">
			<metadata>
				<schema>IMS QTI Item</schema>
				<schemaversion>2.0</schemaversion>
				<imsmd:lom>
					<imsmd:general>
						<imsmd:identifier>category50-question317</imsmd:identifier>
						<imsmd:title>
							<imsmd:langstring xml:lang="en_utf8">UIDesign1</imsmd:langstring>
						</imsmd:title>
						<imsmd:description>
							<imsmd:langstring xml:lang="en">Question 317 from category 50</imsmd:langstring>
						</imsmd:description>
					</imsmd:general>
					<imsmd:lifecycle>
						<imsmd:version>
							<imsmd:langstring xml:lang="en">1.0</imsmd:langstring>
						</imsmd:version>
						<imsmd:status>
							<imsmd:source>
								<imsmd:langstring xml:lang="en">LOMv1.0</imsmd:langstring>
							</imsmd:source>
							<imsmd:value>
								<imsmd:langstring xml:lang="en">Draft</imsmd:langstring>
							</imsmd:value>
						</imsmd:status>
					</imsmd:lifecycle>
				</imsmd:lom>
				<imsqti:qtiMetadata>
					<imsqti:timeDependent>false</imsqti:timeDependent>
					<imsqti:interactionType>choiceInteraction</imsqti:interactionType>
					<imsqti:canComputerScore>true</imsqti:canComputerScore>
					<imsqti:feedbackType>nonadaptive</imsqti:feedbackType>
					<imsqti:solutionAvailable>true</imsqti:solutionAvailable>
				</imsqti:qtiMetadata>
			</metadata>
						
		</resource>
				<resource identifier="category50-question319" type="imsqti_item_xmlv2p0" href="./category50-question319.xml">
			<metadata>
				<schema>IMS QTI Item</schema>
				<schemaversion>2.0</schemaversion>
				<imsmd:lom>
					<imsmd:general>
						<imsmd:identifier>category50-question319</imsmd:identifier>
						<imsmd:title>
							<imsmd:langstring xml:lang="en_utf8">UIDesign3</imsmd:langstring>
						</imsmd:title>
						<imsmd:description>
							<imsmd:langstring xml:lang="en">Question 319 from category 50</imsmd:langstring>
						</imsmd:description>
					</imsmd:general>
					<imsmd:lifecycle>
						<imsmd:version>
							<imsmd:langstring xml:lang="en">1.0</imsmd:langstring>
						</imsmd:version>
						<imsmd:status>
							<imsmd:source>
								<imsmd:langstring xml:lang="en">LOMv1.0</imsmd:langstring>
							</imsmd:source>
							<imsmd:value>
								<imsmd:langstring xml:lang="en">Draft</imsmd:langstring>
							</imsmd:value>
						</imsmd:status>
					</imsmd:lifecycle>
				</imsmd:lom>
				<imsqti:qtiMetadata>
					<imsqti:timeDependent>false</imsqti:timeDependent>
					<imsqti:interactionType>choiceInteraction</imsqti:interactionType>
					<imsqti:canComputerScore>true</imsqti:canComputerScore>
					<imsqti:feedbackType>nonadaptive</imsqti:feedbackType>
					<imsqti:solutionAvailable>true</imsqti:solutionAvailable>
				</imsqti:qtiMetadata>
			</metadata>
						
		</resource>
				<resource identifier="category50-question320" type="imsqti_item_xmlv2p0" href="./category50-question320.xml">
			<metadata>
				<schema>IMS QTI Item</schema>
				<schemaversion>2.0</schemaversion>
				<imsmd:lom>
					<imsmd:general>
						<imsmd:identifier>category50-question320</imsmd:identifier>
						<imsmd:title>
							<imsmd:langstring xml:lang="en_utf8">UIDesign4</imsmd:langstring>
						</imsmd:title>
						<imsmd:description>
							<imsmd:langstring xml:lang="en">Question 320 from category 50</imsmd:langstring>
						</imsmd:description>
					</imsmd:general>
					<imsmd:lifecycle>
						<imsmd:version>
							<imsmd:langstring xml:lang="en">1.0</imsmd:langstring>
						</imsmd:version>
						<imsmd:status>
							<imsmd:source>
								<imsmd:langstring xml:lang="en">LOMv1.0</imsmd:langstring>
							</imsmd:source>
							<imsmd:value>
								<imsmd:langstring xml:lang="en">Draft</imsmd:langstring>
							</imsmd:value>
						</imsmd:status>
					</imsmd:lifecycle>
				</imsmd:lom>
				<imsqti:qtiMetadata>
					<imsqti:timeDependent>false</imsqti:timeDependent>
					<imsqti:interactionType>choiceInteraction</imsqti:interactionType>
					<imsqti:canComputerScore>true</imsqti:canComputerScore>
					<imsqti:feedbackType>nonadaptive</imsqti:feedbackType>
					<imsqti:solutionAvailable>true</imsqti:solutionAvailable>
				</imsqti:qtiMetadata>
			</metadata>
						
		</resource>
				<resource identifier="category50-question324" type="imsqti_item_xmlv2p0" href="./category50-question324.xml">
			<metadata>
				<schema>IMS QTI Item</schema>
				<schemaversion>2.0</schemaversion>
				<imsmd:lom>
					<imsmd:general>
						<imsmd:identifier>category50-question324</imsmd:identifier>
						<imsmd:title>
							<imsmd:langstring xml:lang="en_utf8">UIDesign8</imsmd:langstring>
						</imsmd:title>
						<imsmd:description>
							<imsmd:langstring xml:lang="en">Question 324 from category 50</imsmd:langstring>
						</imsmd:description>
					</imsmd:general>
					<imsmd:lifecycle>
						<imsmd:version>
							<imsmd:langstring xml:lang="en">1.0</imsmd:langstring>
						</imsmd:version>
						<imsmd:status>
							<imsmd:source>
								<imsmd:langstring xml:lang="en">LOMv1.0</imsmd:langstring>
							</imsmd:source>
							<imsmd:value>
								<imsmd:langstring xml:lang="en">Draft</imsmd:langstring>
							</imsmd:value>
						</imsmd:status>
					</imsmd:lifecycle>
				</imsmd:lom>
				<imsqti:qtiMetadata>
					<imsqti:timeDependent>false</imsqti:timeDependent>
					<imsqti:interactionType>choiceInteraction</imsqti:interactionType>
					<imsqti:canComputerScore>true</imsqti:canComputerScore>
					<imsqti:feedbackType>nonadaptive</imsqti:feedbackType>
					<imsqti:solutionAvailable>true</imsqti:solutionAvailable>
				</imsqti:qtiMetadata>
			</metadata>
						
		</resource>
			</resources>
</manifest>