<assessmentItem xmlns="http://www.imsglobal.org/xsd/imsqti_item_v2p0" xmlns:xsi="http://www.w3.org/2001/XMLSchema-instance" xsi:schemaLocation="http://www.imsglobal.org/xsd/imsqti_item_v2p0 ./imsqti_item_v2p0.xsd" identifier="question295" title="EGRDesProc3" adaptive="false" timeDependent="false">
	<responseDeclaration identifier="question295matching" cardinality="multiple" baseType="directedPair">
		<correctResponse>
   						<value>q156 a156</value>
   						<value>q157 a157</value>
   						<value>q158 a158</value>
   						<value>q159 a159</value>
   						<value>q160 a160</value>
   						<value>q161 a161</value>
   						<value>q162 a162</value>
   						<value>q163 a163</value>
   						<value>q164 a164</value>
   						<value>q165 a165</value>
   						<value>q166 a166</value>
   						<value>q167 a167</value>
   				</correctResponse>

		<mapping defaultValue="0">
   		   		   <mapEntry mapKey="q156 a156" mappedValue="1"/>
   		   		   <mapEntry mapKey="q157 a157" mappedValue="1"/>
   		   		   <mapEntry mapKey="q158 a158" mappedValue="1"/>
   		   		   <mapEntry mapKey="q159 a159" mappedValue="1"/>
   		   		   <mapEntry mapKey="q160 a160" mappedValue="1"/>
   		   		   <mapEntry mapKey="q161 a161" mappedValue="1"/>
   		   		   <mapEntry mapKey="q162 a162" mappedValue="1"/>
   		   		   <mapEntry mapKey="q163 a163" mappedValue="1"/>
   		   		   <mapEntry mapKey="q164 a164" mappedValue="1"/>
   		   		   <mapEntry mapKey="q165 a165" mappedValue="1"/>
   		   		   <mapEntry mapKey="q166 a166" mappedValue="1"/>
   		   		   <mapEntry mapKey="q167 a167" mappedValue="1"/>
   				</mapping>
	</responseDeclaration>
	<outcomeDeclaration identifier="SCORE" cardinality="single" baseType="float"/>

	<itemBody>
		<p>Match the phrase with the best description.</p>
		<div class="interactive.match">
			<matchInteraction responseIdentifier="question295matching" shuffle="false" maxAssociations="12">
				<simpleMatchSet>
           		    				<simpleAssociableChoice identifier="q156" matchMax="1">Needs of potential customers are investigated</simpleAssociableChoice>
           		    				<simpleAssociableChoice identifier="q157" matchMax="1">Evaluate the quality of a design</simpleAssociableChoice>
           		    				<simpleAssociableChoice identifier="q158" matchMax="1">Use brainstorming, market research, or other creative activities to produce a conceptual design.</simpleAssociableChoice>
           		    				<simpleAssociableChoice identifier="q159" matchMax="1">Understand idea characteristics and their advantages and disadvantages.</simpleAssociableChoice>
           		    				<simpleAssociableChoice identifier="q160" matchMax="1">Evaluate and select potential designs based on Criteria and Constraints.</simpleAssociableChoice>
           		    				<simpleAssociableChoice identifier="q161" matchMax="1">Develop the design in enough detail to allow working on a prototype.</simpleAssociableChoice>
           		    				<simpleAssociableChoice identifier="q162" matchMax="1">Implement to characterize various aspects of design.</simpleAssociableChoice>
           		    				<simpleAssociableChoice identifier="q163" matchMax="1">See whether the design meets all constraints and performs acceptably relative to criteria.</simpleAssociableChoice>
           		    				<simpleAssociableChoice identifier="q164" matchMax="1">If testing and evaluation reveal a design weakness, then this may need to be done.</simpleAssociableChoice>
           		    				<simpleAssociableChoice identifier="q165" matchMax="1">Produce or construct the design.</simpleAssociableChoice>
           		    				<simpleAssociableChoice identifier="q166" matchMax="1">The activities and results of the design process are documented and communicated to relevant stakeholders.</simpleAssociableChoice>
           		    				<simpleAssociableChoice identifier="q167" matchMax="1"></simpleAssociableChoice>
           						</simpleMatchSet>
				<simpleMatchSet>
           		    				<simpleAssociableChoice identifier="a156" matchMax="12">Define the Problem</simpleAssociableChoice>
           		    				<simpleAssociableChoice identifier="a157" matchMax="12">Identify Criteria and Constraints</simpleAssociableChoice>
           		    				<simpleAssociableChoice identifier="a158" matchMax="12">Generate ideas</simpleAssociableChoice>
           		    				<simpleAssociableChoice identifier="a159" matchMax="12">Explore possibilities</simpleAssociableChoice>
           		    				<simpleAssociableChoice identifier="a160" matchMax="12">Select a design concept</simpleAssociableChoice>
           		    				<simpleAssociableChoice identifier="a161" matchMax="12">Develop a detailed design</simpleAssociableChoice>
           		    				<simpleAssociableChoice identifier="a162" matchMax="12">Create models and prototypes</simpleAssociableChoice>
           		    				<simpleAssociableChoice identifier="a163" matchMax="12">Test and evaluate</simpleAssociableChoice>
           		    				<simpleAssociableChoice identifier="a164" matchMax="12">Refine the design</simpleAssociableChoice>
           		    				<simpleAssociableChoice identifier="a165" matchMax="12">Implementation</simpleAssociableChoice>
           		    				<simpleAssociableChoice identifier="a166" matchMax="12">Communicate process and results</simpleAssociableChoice>
           		    				<simpleAssociableChoice identifier="a167" matchMax="12">Quality Assurance Review</simpleAssociableChoice>
           						</simpleMatchSet>
			</matchInteraction>
		</div>
		</itemBody>
	<responseProcessing xmlns="http://www.imsglobal.org/xsd/imsqti_item_v2p0" xmlns:xsi="http://www.w3.org/2001/XMLSchema-instance" xsi:schemaLocation="http://www.imsglobal.org/xsd/imsqti_item_v2p0 ../imsqti_item_v2p0.xsd">
		<responseCondition>

			<responseIf>
				<isNull>
					<variable identifier="question295matching"/>
				</isNull>
				<setOutcomeValue identifier="SCORE">
					<baseValue baseType="integer">0</baseValue>
				</setOutcomeValue>
			</responseIf>

			<responseElse>
				<setOutcomeValue identifier="SCORE">
					<mapResponse identifier="question295matching"/>
				</setOutcomeValue>
			</responseElse>
		</responseCondition>
	</responseProcessing>
</assessmentItem>
