<assessmentItem xmlns="http://www.imsglobal.org/xsd/imsqti_item_v2p0" xmlns:xsi="http://www.w3.org/2001/XMLSchema-instance" xsi:schemaLocation="http://www.imsglobal.org/xsd/imsqti_item_v2p0 ./imsqti_item_v2p0.xsd" identifier="question294" title="EGRDesProc2" adaptive="false" timeDependent="false">
	<responseDeclaration identifier="question294matching" cardinality="multiple" baseType="directedPair">
		<correctResponse>
   						<value>q150 a150</value>
   						<value>q151 a151</value>
   						<value>q152 a152</value>
   						<value>q153 a153</value>
   						<value>q154 a154</value>
   						<value>q155 a155</value>
   				</correctResponse>

		<mapping defaultValue="0">
   		   		   <mapEntry mapKey="q150 a150" mappedValue="1"/>
   		   		   <mapEntry mapKey="q151 a151" mappedValue="1"/>
   		   		   <mapEntry mapKey="q152 a152" mappedValue="1"/>
   		   		   <mapEntry mapKey="q153 a153" mappedValue="1"/>
   		   		   <mapEntry mapKey="q154 a154" mappedValue="1"/>
   		   		   <mapEntry mapKey="q155 a155" mappedValue="1"/>
   				</mapping>
	</responseDeclaration>
	<outcomeDeclaration identifier="SCORE" cardinality="single" baseType="float"/>

	<itemBody>
		<p>Match the terms with the best available description.</p>
		<div class="interactive.match">
			<matchInteraction responseIdentifier="question294matching" shuffle="false" maxAssociations="6">
				<simpleMatchSet>
           		    				<simpleAssociableChoice identifier="q150" matchMax="1">Modifying or enhancing an existing product or process.</simpleAssociableChoice>
           		    				<simpleAssociableChoice identifier="q151" matchMax="1">Process by which an object or structure is created.</simpleAssociableChoice>
           		    				<simpleAssociableChoice identifier="q152" matchMax="1">Someone who pays for the product.</simpleAssociableChoice>
           		    				<simpleAssociableChoice identifier="q153" matchMax="1">Someone who has an interest in the product.</simpleAssociableChoice>
           		    				<simpleAssociableChoice identifier="q154" matchMax="1"></simpleAssociableChoice>
           		    				<simpleAssociableChoice identifier="q155" matchMax="1"></simpleAssociableChoice>
           						</simpleMatchSet>
				<simpleMatchSet>
           		    				<simpleAssociableChoice identifier="a150" matchMax="6">incremental design</simpleAssociableChoice>
           		    				<simpleAssociableChoice identifier="a151" matchMax="6">design process</simpleAssociableChoice>
           		    				<simpleAssociableChoice identifier="a152" matchMax="6">customer</simpleAssociableChoice>
           		    				<simpleAssociableChoice identifier="a153" matchMax="6">stakeholder</simpleAssociableChoice>
           		    				<simpleAssociableChoice identifier="a154" matchMax="6">viable design</simpleAssociableChoice>
           		    				<simpleAssociableChoice identifier="a155" matchMax="6">engineered products</simpleAssociableChoice>
           						</simpleMatchSet>
			</matchInteraction>
		</div>
		</itemBody>
	<responseProcessing xmlns="http://www.imsglobal.org/xsd/imsqti_item_v2p0" xmlns:xsi="http://www.w3.org/2001/XMLSchema-instance" xsi:schemaLocation="http://www.imsglobal.org/xsd/imsqti_item_v2p0 ../imsqti_item_v2p0.xsd">
		<responseCondition>

			<responseIf>
				<isNull>
					<variable identifier="question294matching"/>
				</isNull>
				<setOutcomeValue identifier="SCORE">
					<baseValue baseType="integer">0</baseValue>
				</setOutcomeValue>
			</responseIf>

			<responseElse>
				<setOutcomeValue identifier="SCORE">
					<mapResponse identifier="question294matching"/>
				</setOutcomeValue>
			</responseElse>
		</responseCondition>
	</responseProcessing>
</assessmentItem>
