<assessmentItem xmlns="http://www.imsglobal.org/xsd/imsqti_item_v2p0" xmlns:xsi="http://www.w3.org/2001/XMLSchema-instance" xsi:schemaLocation="http://www.imsglobal.org/xsd/imsqti_item_v2p0 ./imsqti_item_v2p0.xsd" identifier="question301" title="IntDes2Principles" adaptive="false" timeDependent="false">
	<responseDeclaration identifier="question301matching" cardinality="multiple" baseType="directedPair">
		<correctResponse>
   						<value>q168 a168</value>
   						<value>q169 a169</value>
   						<value>q170 a170</value>
   						<value>q171 a171</value>
   						<value>q172 a172</value>
   						<value>q173 a173</value>
   				</correctResponse>

		<mapping defaultValue="0">
   		   		   <mapEntry mapKey="q168 a168" mappedValue="1"/>
   		   		   <mapEntry mapKey="q169 a169" mappedValue="1"/>
   		   		   <mapEntry mapKey="q170 a170" mappedValue="1"/>
   		   		   <mapEntry mapKey="q171 a171" mappedValue="1"/>
   		   		   <mapEntry mapKey="q172 a172" mappedValue="1"/>
   		   		   <mapEntry mapKey="q173 a173" mappedValue="1"/>
   				</mapping>
	</responseDeclaration>
	<outcomeDeclaration identifier="SCORE" cardinality="single" baseType="float"/>

	<itemBody>
		<p>Select the answer that best matches the phrase</p>
		<div class="interactive.match">
			<matchInteraction responseIdentifier="question301matching" shuffle="false" maxAssociations="6">
				<simpleMatchSet>
           		    				<simpleAssociableChoice identifier="q168" matchMax="1">Users should not be forced to adapt to an interface that is easy to implement</simpleAssociableChoice>
           		    				<simpleAssociableChoice identifier="q169" matchMax="1">Commands and menus should have a common format, parameters should be passed in the same way, and punctuation should be similar</simpleAssociableChoice>
           		    				<simpleAssociableChoice identifier="q170" matchMax="1">Recognizing there may be different types of users</simpleAssociableChoice>
           		    				<simpleAssociableChoice identifier="q171" matchMax="1">Recognizing that users will always make mistakes</simpleAssociableChoice>
           		    				<simpleAssociableChoice identifier="q172" matchMax="1"></simpleAssociableChoice>
           		    				<simpleAssociableChoice identifier="q173" matchMax="1"></simpleAssociableChoice>
           						</simpleMatchSet>
				<simpleMatchSet>
           		    				<simpleAssociableChoice identifier="a168" matchMax="6">User familiarity</simpleAssociableChoice>
           		    				<simpleAssociableChoice identifier="a169" matchMax="6">User consistency</simpleAssociableChoice>
           		    				<simpleAssociableChoice identifier="a170" matchMax="6">User diversity</simpleAssociableChoice>
           		    				<simpleAssociableChoice identifier="a171" matchMax="6">Recoverability</simpleAssociableChoice>
           		    				<simpleAssociableChoice identifier="a172" matchMax="6">Availability</simpleAssociableChoice>
           		    				<simpleAssociableChoice identifier="a173" matchMax="6">Reliability</simpleAssociableChoice>
           						</simpleMatchSet>
			</matchInteraction>
		</div>
		</itemBody>
	<responseProcessing xmlns="http://www.imsglobal.org/xsd/imsqti_item_v2p0" xmlns:xsi="http://www.w3.org/2001/XMLSchema-instance" xsi:schemaLocation="http://www.imsglobal.org/xsd/imsqti_item_v2p0 ../imsqti_item_v2p0.xsd">
		<responseCondition>

			<responseIf>
				<isNull>
					<variable identifier="question301matching"/>
				</isNull>
				<setOutcomeValue identifier="SCORE">
					<baseValue baseType="integer">0</baseValue>
				</setOutcomeValue>
			</responseIf>

			<responseElse>
				<setOutcomeValue identifier="SCORE">
					<mapResponse identifier="question301matching"/>
				</setOutcomeValue>
			</responseElse>
		</responseCondition>
	</responseProcessing>
</assessmentItem>
