<assessmentItem xmlns="http://www.imsglobal.org/xsd/imsqti_item_v2p0" xmlns:xsi="http://www.w3.org/2001/XMLSchema-instance" xsi:schemaLocation="http://www.imsglobal.org/xsd/imsqti_item_v2p0 ./imsqti_item_v2p0.xsd" identifier="question305" title="IntDes4Styles" adaptive="false" timeDependent="false">
	<responseDeclaration identifier="question305matching" cardinality="multiple" baseType="directedPair">
		<correctResponse>
   						<value>q174 a174</value>
   						<value>q175 a175</value>
   						<value>q176 a176</value>
   						<value>q177 a177</value>
   						<value>q178 a178</value>
   				</correctResponse>

		<mapping defaultValue="0">
   		   		   <mapEntry mapKey="q174 a174" mappedValue="1"/>
   		   		   <mapEntry mapKey="q175 a175" mappedValue="1"/>
   		   		   <mapEntry mapKey="q176 a176" mappedValue="1"/>
   		   		   <mapEntry mapKey="q177 a177" mappedValue="1"/>
   		   		   <mapEntry mapKey="q178 a178" mappedValue="1"/>
   				</mapping>
	</responseDeclaration>
	<outcomeDeclaration identifier="SCORE" cardinality="single" baseType="float"/>

	<itemBody>
		<p>Match the 5 styles of interaction (according to Shneiderman) with the best description</p>
		<div class="interactive.match">
			<matchInteraction responseIdentifier="question305matching" shuffle="false" maxAssociations="5">
				<simpleMatchSet>
           		    				<simpleAssociableChoice identifier="q174" matchMax="1">Directly interacting with objects on the screen</simpleAssociableChoice>
           		    				<simpleAssociableChoice identifier="q175" matchMax="1"></simpleAssociableChoice>
           		    				<simpleAssociableChoice identifier="q176" matchMax="1">Select a command from a list of possibilities</simpleAssociableChoice>
           		    				<simpleAssociableChoice identifier="q177" matchMax="1"></simpleAssociableChoice>
           		    				<simpleAssociableChoice identifier="q178" matchMax="1">Input of information followed by a special user interaction to initiate the action</simpleAssociableChoice>
           						</simpleMatchSet>
				<simpleMatchSet>
           		    				<simpleAssociableChoice identifier="a174" matchMax="5">Direct manipulation</simpleAssociableChoice>
           		    				<simpleAssociableChoice identifier="a175" matchMax="5">Object orientation</simpleAssociableChoice>
           		    				<simpleAssociableChoice identifier="a176" matchMax="5">Menu selection</simpleAssociableChoice>
           		    				<simpleAssociableChoice identifier="a177" matchMax="5">Gesture-oriented computing</simpleAssociableChoice>
           		    				<simpleAssociableChoice identifier="a178" matchMax="5">Form fill-in</simpleAssociableChoice>
           						</simpleMatchSet>
			</matchInteraction>
		</div>
		</itemBody>
	<responseProcessing xmlns="http://www.imsglobal.org/xsd/imsqti_item_v2p0" xmlns:xsi="http://www.w3.org/2001/XMLSchema-instance" xsi:schemaLocation="http://www.imsglobal.org/xsd/imsqti_item_v2p0 ../imsqti_item_v2p0.xsd">
		<responseCondition>

			<responseIf>
				<isNull>
					<variable identifier="question305matching"/>
				</isNull>
				<setOutcomeValue identifier="SCORE">
					<baseValue baseType="integer">0</baseValue>
				</setOutcomeValue>
			</responseIf>

			<responseElse>
				<setOutcomeValue identifier="SCORE">
					<mapResponse identifier="question305matching"/>
				</setOutcomeValue>
			</responseElse>
		</responseCondition>
	</responseProcessing>
</assessmentItem>
